"","metric_name","metric_value"
"1","AUC",0.848506447713077
"2","KS",0.575972194237356
