"","metric_name","metric_value"
"1","AUC",0.845088656054806
"2","KS",0.575629659480153
