"","method","auc","ks"
"1","SWLWoE",0.849350191416482,0.5652125730405
"2","MARS",0.848506447713077,0.575972194237356
