"","method","aucs","kss"
"1","SWLWoE",0.849350191416482,0.5652125730405
"2","MARS",0.842663207737256,0.563006246222043
