"","method","aucs","kss"
"1","SWLWoE",0.793864598025388,0.5652125730405
"2","MARS",0.842663207737256,0.563006246222043
